{
    "metadata": {
        ".geo": "{\"type\":\"Point\",\"coordinates\":[-5.1463232777640355,38.696278381245776]}",
        "square_id": 239
    },
    "ts_data": {
        "values": [
            [
                596.0,
                2210.4375,
                281.3125,
                570.8125,
                2501.75,
                1982.833333333333,
                1057.75
            ],
            [
                706.8125,
                2396.875,
                329.25,
                635.75,
                2811.5,
                2316.5,
                1316.25
            ],
            [
                692.875,
                2244.6041666666665,
                313.7708333333333,
                611.9375,
                2640.375,
                2287.958333333333,
                1289.458333333333
            ],
            [
                866.7916666666666,
                2620.6666666666665,
                403.625,
                767.625,
                3068.4583333333335,
                2564.9583333333335,
                1555.541666666667
            ],
            [
                991.0833333333331,
                2508.3541666666665,
                439.29166666666663,
                809.8958333333334,
                3098.625,
                2960.0625,
                1857.1875
            ],
            [
                1275.4375,
                2550.625,
                540.875,
                927.375,
                3240.125,
                3201.0,
                2131.0625
            ],
            [
                1291.0625,
                2474.375,
                544.3125,
                931.375,
                3292.6875,
                3332.0,
                2223.25
            ],
            [
                1299.0,
                2456.5,
                542.6875,
                918.875,
                3273.375,
                3368.875,
                2196.8125
            ],
            [
                1156.625,
                2284.875,
                499.0,
                833.4375,
                3029.9375,
                2721.0625,
                1937.5
            ],
            [
                874.0,
                2110.5833333333335,
                380.91666666666663,
                681.5833333333333,
                2589.833333333333,
                2446.958333333333,
                1520.9166666666665
            ],
            [
                657.3541666666666,
                2262.1041666666665,
                305.2083333333333,
                615.8958333333334,
                2598.1041666666665,
                2156.25,
                1195.8333333333337
            ],
            [
                590.7291666666667,
                2290.7916666666665,
                286.27083333333337,
                570.5833333333333,
                2533.1666666666665,
                1883.0833333333335,
                1016.2916666666665
            ]
        ],
        "masks": [
            [
                1,
                1,
                1,
                1,
                1,
                1,
                1
            ],
            [
                1,
                1,
                1,
                1,
                1,
                1,
                1
            ],
            [
                1,
                1,
                1,
                1,
                1,
                1,
                1
            ],
            [
                1,
                1,
                1,
                1,
                1,
                1,
                1
            ],
            [
                1,
                1,
                1,
                1,
                1,
                1,
                1
            ],
            [
                1,
                1,
                1,
                1,
                1,
                1,
                1
            ],
            [
                1,
                1,
                1,
                1,
                1,
                1,
                1
            ],
            [
                1,
                1,
                1,
                1,
                1,
                1,
                1
            ],
            [
                1,
                1,
                1,
                1,
                1,
                1,
                1
            ],
            [
                1,
                1,
                1,
                1,
                1,
                1,
                1
            ],
            [
                1,
                1,
                1,
                1,
                1,
                1,
                1
            ],
            [
                1,
                1,
                1,
                1,
                1,
                1,
                1
            ]
        ],
        "deltas": [
            [
                1.0,
                1.0,
                1.0,
                1.0,
                1.0,
                1.0,
                1.0
            ],
            [
                1.0,
                1.0,
                1.0,
                1.0,
                1.0,
                1.0,
                1.0
            ],
            [
                1.0,
                1.0,
                1.0,
                1.0,
                1.0,
                1.0,
                1.0
            ],
            [
                1.0,
                1.0,
                1.0,
                1.0,
                1.0,
                1.0,
                1.0
            ],
            [
                1.0,
                1.0,
                1.0,
                1.0,
                1.0,
                1.0,
                1.0
            ],
            [
                1.0,
                1.0,
                1.0,
                1.0,
                1.0,
                1.0,
                1.0
            ],
            [
                1.0,
                1.0,
                1.0,
                1.0,
                1.0,
                1.0,
                1.0
            ],
            [
                1.0,
                1.0,
                1.0,
                1.0,
                1.0,
                1.0,
                1.0
            ],
            [
                1.0,
                1.0,
                1.0,
                1.0,
                1.0,
                1.0,
                1.0
            ],
            [
                1.0,
                1.0,
                1.0,
                1.0,
                1.0,
                1.0,
                1.0
            ],
            [
                1.0,
                1.0,
                1.0,
                1.0,
                1.0,
                1.0,
                1.0
            ],
            [
                1.0,
                1.0,
                1.0,
                1.0,
                1.0,
                1.0,
                1.0
            ]
        ]
    },
    "ancillary_data": {
        "longitude": -5.1463232777640355,
        "latitude": 38.696278381245776,
        "altitude": 480.35915735420735,
        "slope": 8.461118698120117,
        "precipitation": 5423.400081157684,
        "evapotranspiration": 2661.9000165537,
        "temperature_ave": 15.725000381469728,
        "temperature_max": 22.983333587646484,
        "temperature_min": 8.608333587646484
    }

}