{
    "metadata": {
        ".geo": "{\"type\":\"Point\",\"coordinates\":[-5.1588088221866375,38.696278310926765]}",
        "square_id": 236
    },
    "ts_data":  {
        "values": [
            [
                384.5208333333333,
                1799.645833333333,
                198.60416666666663,
                410.4166666666667,
                2238.9375,
                1610.1666666666663,
                848.4166666666666
            ],
            [
                483.125,
                2014.9375,
                254.9375,
                486.625,
                2490.75,
                1890.6875,
                1017.6875
            ],
            [
                504.9999999999999,
                1921.5625,
                267.4166666666667,
                504.41666666666674,
                2516.5208333333335,
                1970.083333333333,
                1123.2916666666665
            ],
            [
                594.4375,
                2166.875,
                313.5625,
                604.8333333333333,
                2703.645833333333,
                2270.9375,
                1284.208333333333
            ],
            [
                639.6875,
                2162.3958333333335,
                323.22916666666663,
                620.8541666666666,
                2670.4583333333335,
                2226.7291666666665,
                1357.4166666666665
            ],
            [
                787.0625,
                2107.25,
                378.5625,
                676.4375,
                2799.3125,
                2521.5,
                1615.3125
            ],
            [
                851.1875,
                2022.6875,
                405.0625,
                701.125,
                2853.125,
                2737.1666666666665,
                1738.5625
            ],
            [
                838.9375,
                1940.375,
                403.75,
                678.5625,
                2784.8125,
                2659.1875,
                1633.5625
            ],
            [
                738.375,
                1878.4375,
                354.0625,
                598.125,
                2596.3125,
                2475.375,
                1465.0
            ],
            [
                547.0,
                1887.6666666666665,
                274.3333333333333,
                505.5833333333333,
                2394.6666666666665,
                2020.5,
                1153.0833333333337
            ],
            [
                432.6041666666667,
                2035.270833333333,
                232.41666666666663,
                463.8541666666667,
                2389.2291666666665,
                1731.3333333333335,
                905.625
            ],
            [
                426.27083333333326,
                2108.7708333333335,
                227.375,
                457.7916666666667,
                2393.5208333333335,
                1756.75,
                843.0416666666667
            ]
        ],
        "masks": [
            [
                1,
                1,
                1,
                1,
                1,
                1,
                1
            ],
            [
                1,
                1,
                1,
                1,
                1,
                1,
                1
            ],
            [
                1,
                1,
                1,
                1,
                1,
                1,
                1
            ],
            [
                1,
                1,
                1,
                1,
                1,
                1,
                1
            ],
            [
                1,
                1,
                1,
                1,
                1,
                1,
                1
            ],
            [
                1,
                1,
                1,
                1,
                1,
                1,
                1
            ],
            [
                1,
                1,
                1,
                1,
                1,
                1,
                1
            ],
            [
                1,
                1,
                1,
                1,
                1,
                1,
                1
            ],
            [
                1,
                1,
                1,
                1,
                1,
                1,
                1
            ],
            [
                1,
                1,
                1,
                1,
                1,
                1,
                1
            ],
            [
                1,
                1,
                1,
                1,
                1,
                1,
                1
            ],
            [
                1,
                1,
                1,
                1,
                1,
                1,
                1
            ]
        ],
        "deltas": [
            [
                1.0,
                1.0,
                1.0,
                1.0,
                1.0,
                1.0,
                1.0
            ],
            [
                1.0,
                1.0,
                1.0,
                1.0,
                1.0,
                1.0,
                1.0
            ],
            [
                1.0,
                1.0,
                1.0,
                1.0,
                1.0,
                1.0,
                1.0
            ],
            [
                1.0,
                1.0,
                1.0,
                1.0,
                1.0,
                1.0,
                1.0
            ],
            [
                1.0,
                1.0,
                1.0,
                1.0,
                1.0,
                1.0,
                1.0
            ],
            [
                1.0,
                1.0,
                1.0,
                1.0,
                1.0,
                1.0,
                1.0
            ],
            [
                1.0,
                1.0,
                1.0,
                1.0,
                1.0,
                1.0,
                1.0
            ],
            [
                1.0,
                1.0,
                1.0,
                1.0,
                1.0,
                1.0,
                1.0
            ],
            [
                1.0,
                1.0,
                1.0,
                1.0,
                1.0,
                1.0,
                1.0
            ],
            [
                1.0,
                1.0,
                1.0,
                1.0,
                1.0,
                1.0,
                1.0
            ],
            [
                1.0,
                1.0,
                1.0,
                1.0,
                1.0,
                1.0,
                1.0
            ],
            [
                1.0,
                1.0,
                1.0,
                1.0,
                1.0,
                1.0,
                1.0
            ]
        ]
    },
    "ancillary_data": {
        "longitude": -5.1588088221866375,
        "latitude": 38.696278310926765,
        "altitude": 526.9881434748451,
        "slope": 12.56842041015625,
        "precipitation": 2663.5000277012587,
        "evapotranspiration": 5382.700074195862,
        "temperature_ave": 15.583333015441896,
        "temperature_max": 22.86666679382324,
        "temperature_min": 8.5
    }
}

