id,Artificial,Agricultural,Terrestrial,Wetlands,cls_max,cls_max_prob
236,0.00016348803,0.0015719833,0.9938736,0.004390991,Terrestrial,0.9938736
239,0.39700377,5.218786e-05,0.102793925,0.50015014,Wetlands,0.50015014
