id,Artificial,Annual croplands,Greenhouses,Woody croplands,Combinations of croplands and natural vegetation,Grasslands,Shrubland,Forests,Barelands,Wetlands,cls_max,cls_max_prob
236,0.0001050191,0.0016142769,2.0626484e-14,0.0010202383,0.0014216983,0.15057263,0.7223846,0.11358606,0.0056207073,0.00367484,Shrubland,0.7223846
239,0.002774299,0.00082976144,9.687899e-11,4.0392082e-05,3.39603e-10,0.45392567,0.011776013,0.026313676,0.0072663957,0.4970739,Wetlands,0.4970739
